Epoch,Train Loss,Validation Loss
1,0.3626108434465196,0.2507607787847519
2,0.3597048752837711,0.25603552907705307
3,0.3566451668739319,0.2624276727437973
4,0.35393619537353516,0.2678555101156235
5,0.35078940126631,0.2724214643239975
6,0.3479986853069729,0.2783934623003006
7,0.3448101215892368,0.28609512746334076
8,0.34183891283141243,0.29416103661060333
9,0.3389640516704983,0.2997375726699829
10,0.3359915382332272,0.3017555922269821
11,0.33235910203721786,0.3015383780002594
12,0.32941065894232857,0.30036261677742004
13,0.32600592573483783,0.2985871434211731
14,0.3228352665901184,0.2967519462108612
15,0.3196980920102861,0.2948920726776123
16,0.315817654132843,0.29222941398620605
17,0.31291164623366463,0.29032084345817566
18,0.30963515904214645,0.2883508950471878
19,0.3064342439174652,0.28602468967437744
20,0.3032919334040748,0.2838112562894821
21,0.30020391278796726,0.28175604343414307
22,0.297307292620341,0.2797611355781555
23,0.29478420813878375,0.277757853269577
24,0.291964140203264,0.2758137583732605
25,0.2897817658053504,0.27396437525749207
26,0.2872154712677002,0.27218663692474365
27,0.28494829270574784,0.2703482359647751
28,0.28262001276016235,0.26841215789318085
29,0.2805729839536879,0.26689717173576355
30,0.2789820333321889,0.2653873860836029
31,0.2768276068899367,0.26358655095100403
32,0.2751423584090339,0.2620815187692642
33,0.27346469627486336,0.2607991397380829
34,0.2715396285057068,0.25948621332645416
35,0.26973918411466813,0.2576558142900467
36,0.2685284349653456,0.2566052973270416
37,0.2667248613304562,0.25527966022491455
38,0.2652563552061717,0.2537092790007591
39,0.2638095286157396,0.2525141313672066
40,0.2624918387995826,0.251321405172348
41,0.261276513338089,0.25024887919425964
42,0.2598363492223952,0.24918344616889954
43,0.25868552592065597,0.24820265173912048
44,0.25732262267006767,0.24688425660133362
45,0.2563496232032776,0.2460942268371582
46,0.25525496072239345,0.2451237067580223
47,0.253945991396904,0.24416755139827728
48,0.2528947989145915,0.24328915029764175
49,0.2516878843307495,0.24219214171171188
50,0.2509758571783702,0.24165423959493637
51,0.249851170513365,0.24062535911798477
52,0.24870905611250135,0.23954108357429504
53,0.24789602392249638,0.23891660571098328
54,0.24681202073891959,0.23792705684900284
55,0.24596932364834678,0.2367519736289978
56,0.2449633843368954,0.23611702769994736
57,0.24394440154234567,0.23502705246210098
58,0.2431024213631948,0.2342790588736534
59,0.24219403829839495,0.23354314267635345
60,0.24140982826550803,0.23297230154275894
61,0.24044246474901834,0.23225156962871552
62,0.23966934614711338,0.23135095089673996
63,0.2388490703370836,0.23051730543375015
64,0.2378450483083725,0.2296588122844696
65,0.23709123830000559,0.22887317091226578
66,0.23618225422170427,0.22813483327627182
67,0.2353248099486033,0.22735971957445145
68,0.23444522751702201,0.2266395390033722
69,0.23353701829910278,0.22568266093730927
70,0.23275639613469443,0.22473415732383728
71,0.23183614512284598,0.2239750623703003
72,0.2308699372741911,0.22312691807746887
73,0.22998465432061088,0.22219781577587128
74,0.2292275610897276,0.22138197720050812
75,0.2283392979039086,0.22058606892824173
76,0.22743651767571768,0.2198413908481598
77,0.22653810017638737,0.21910608559846878
78,0.2255425883664025,0.21807486563920975
79,0.22465534342659843,0.21714863926172256
80,0.2238579491774241,0.21646245568990707
81,0.22290846208731332,0.2154303938150406
82,0.22192989786465964,0.2144700288772583
83,0.2208919492032793,0.21353031694889069
84,0.2200158867571089,0.21243567764759064
85,0.21901264786720276,0.2114875614643097
86,0.2180893917878469,0.21063841879367828
87,0.2170896993743049,0.20967787504196167
88,0.21624525553650326,0.2088957577943802
89,0.21524323523044586,0.20805268734693527
90,0.2142495115598043,0.20709411799907684
91,0.21306627160973018,0.206003800034523
92,0.21214348243342507,0.20487674325704575
93,0.2112634778022766,0.2039886862039566
94,0.2102485497792562,0.20302395522594452
95,0.2092741678158442,0.20194147527217865
96,0.20815806256400216,0.20081038773059845
97,0.20726197957992554,0.19984935224056244
98,0.20615831017494202,0.19892743229866028
99,0.2051836219098833,0.1978340893983841
100,0.2042587250471115,0.1967744082212448
101,0.20323026676972708,0.1958092525601387
102,0.20222044156657326,0.1948022022843361
103,0.20129397677050698,0.19378529489040375
104,0.20037167270978293,0.1928267851471901
105,0.19936804473400116,0.1919134333729744
106,0.19855323433876038,0.19095487892627716
107,0.19757460388872358,0.19004887342453003
108,0.19668248626920912,0.1892182007431984
109,0.19582776559723747,0.18824326992034912
110,0.19494838184780544,0.1873897835612297
111,0.19417168200016022,0.1866035759449005
112,0.1933153900835249,0.18582399934530258
113,0.19245839615662894,0.1849375143647194
114,0.19165381623639,0.18411895632743835
115,0.19084759884410435,0.18338455259799957
116,0.19009553723865086,0.1825702264904976
117,0.1893770479493671,0.18179331719875336
118,0.1886094113190969,0.18101917952299118
119,0.18785152667098576,0.180247500538826
120,0.18717776073349846,0.1795555055141449
121,0.18644786212179396,0.17885011434555054
122,0.18587911128997803,0.17822590470314026
123,0.18515852755970424,0.1775892823934555
124,0.18449408478207058,0.17692933976650238
125,0.18388494683636558,0.1762678250670433
126,0.1832356701294581,0.1756346970796585
127,0.1826487100786633,0.17501885443925858
128,0.1820822623040941,0.1744278222322464
129,0.18141964077949524,0.17388363927602768
130,0.18092164231671226,0.17329857498407364
131,0.18034670253594717,0.17275883257389069
132,0.17987174789110819,0.17227647453546524
133,0.17941133677959442,0.17177775502204895
134,0.17890281975269318,0.17124465107917786
135,0.17831691768434313,0.17069615423679352
136,0.17780226137903002,0.17023079097270966
137,0.17737642096148598,0.16976939141750336
138,0.17693341771761575,0.1693364605307579
139,0.1764962358607186,0.16885335743427277
140,0.17599271734555563,0.16839642822742462
141,0.17560834851529863,0.16790181398391724
142,0.17510872417026097,0.16750504821538925
143,0.17479000985622406,0.16706548631191254
144,0.1744261665476693,0.16664677113294601
145,0.17406338784429762,0.16620418429374695
146,0.17366795076264274,0.16580555588006973
147,0.1732802622848087,0.1654258668422699
148,0.17283143434259626,0.1650371178984642
149,0.1724851131439209,0.1646328866481781
150,0.1721817884180281,0.16421782970428467
151,0.17174570262432098,0.1638547033071518
152,0.17148412267367044,0.16348688304424286
153,0.17120032840304905,0.16313386708498
154,0.17082262535889944,0.16269557923078537
155,0.17046973605950674,0.16241143643856049
156,0.17015094061692557,0.16205325722694397
157,0.16982211503717634,0.16166429221630096
158,0.1693774031268226,0.16134174168109894
159,0.16928603251775107,0.16103079915046692
160,0.16897439625528124,0.16074880957603455
161,0.16862447725401986,0.16038896143436432
162,0.16823622749911415,0.1600545197725296
163,0.16807732979456583,0.1597200185060501
164,0.16762955486774445,0.15935250371694565
165,0.1672858264711168,0.1589726060628891
166,0.16699738800525665,0.1586134284734726
167,0.16655951738357544,0.15825844556093216
168,0.1661707643005583,0.15777655690908432
169,0.1657323423359129,0.15731131285429
170,0.16546066270934212,0.15682002902030945
171,0.16492514477835762,0.1562609001994133
172,0.16443802250756157,0.15566543489694595
173,0.16388949420717028,0.155080147087574
174,0.16323346230718824,0.15448100864887238
175,0.16289022399319542,0.15381427854299545
176,0.1621872815820906,0.1531519517302513
177,0.1615312033229404,0.1525270789861679
178,0.16081306172741783,0.15172366052865982
179,0.16019249790244633,0.15099705755710602
180,0.15955345332622528,0.15038396418094635
181,0.15877702004379696,0.14963123947381973
182,0.15811523298422495,0.14883683621883392
183,0.15735318097803327,0.1481800451874733
184,0.15685554345448813,0.14735104888677597
185,0.156130184729894,0.14667513966560364
186,0.15555088884300655,0.146040678024292
187,0.15494033528698814,0.14536269754171371
188,0.15406275457806057,0.1446792557835579
189,0.15349574055936602,0.14399529248476028
190,0.1529144992431005,0.14337967336177826
191,0.1523728205098046,0.14269882440567017
192,0.1518030713001887,0.14208609610795975
193,0.15137804547945657,0.14156609028577805
194,0.15073112646738687,0.1409791111946106
195,0.15041356119844648,0.14036954939365387
196,0.14971065686808693,0.13983234018087387
197,0.14924240443441603,0.13925949484109879
198,0.14865032997396257,0.13870155811309814
199,0.14820429186026254,0.1381026804447174
200,0.14767465823226505,0.13748040795326233
201,0.14734826319747502,0.13688357919454575
202,0.14666574696699777,0.13633672893047333
203,0.14625094168716007,0.1356992870569229
204,0.14599255555205876,0.13521279394626617
205,0.14501600629753536,0.13453376293182373
206,0.1444501264227761,0.13388751447200775
207,0.1438488248321745,0.13331085443496704
208,0.14364907642205557,0.13275329768657684
209,0.14286855856577554,0.13201343268156052
210,0.1421712338924408,0.13143251091241837
211,0.1417932411034902,0.1307329759001732
212,0.140678776635064,0.1299341842532158
213,0.1398195740249422,0.12905298545956612
214,0.13945921427673763,0.12811488285660744
215,0.1385004785325792,0.127404622733593
216,0.13774662299288642,0.1266964003443718
217,0.13688048389222887,0.1257523074746132
218,0.13575949437088436,0.1247921958565712
219,0.13519770486487281,0.12355086952447891
220,0.13419264223840502,0.12253248691558838
221,0.1326473338736428,0.12140413373708725
222,0.13163175102737215,0.12020978331565857
223,0.13014024330510032,0.11887229979038239
224,0.12951657093233532,0.11791140213608742
225,0.12739351143439612,0.1165754459798336
226,0.12641422947247824,0.1151866465806961
227,0.12443329145510991,0.11379233002662659
228,0.12332318474849065,0.11234556138515472
229,0.12305564764473173,0.11102350056171417
230,0.12048823717567655,0.10931870341300964
231,0.11862597780095206,0.10760748758912086
232,0.11781580994526546,0.1066715270280838
233,0.11577592624558343,0.10498658567667007
234,0.1144946316878001,0.1034240871667862
235,0.11423984169960022,0.10202232748270035
236,0.11195352011256748,0.1006079614162445
237,0.10944083415799671,0.09934186935424805
238,0.1085929200053215,0.09773774072527885
239,0.10742910289102131,0.09664176404476166
240,0.10656426101922989,0.09536697342991829
241,0.10588211566209793,0.09429580718278885
242,0.10363130519787471,0.0931238904595375
243,0.10392662137746811,0.09166911616921425
244,0.10262878239154816,0.09121320396661758
245,0.10076958603329128,0.09035348147153854
246,0.1000075489282608,0.08908925205469131
247,0.09943823268016179,0.08818018436431885
248,0.09893653376234902,0.0873170867562294
249,0.09725838320122825,0.08697045221924782
250,0.09731750521394941,0.08562195301055908
251,0.09590437097681893,0.08508159220218658
252,0.09599849747286902,0.08440852910280228
253,0.0961703360080719,0.08319811895489693
254,0.09350957555903329,0.08295074850320816
255,0.09685114357206556,0.08231697976589203
256,0.0917599027355512,0.08161943405866623
257,0.09133297453324,0.0806458443403244
258,0.09090653475787905,0.07983467355370522
259,0.09068515482876036,0.07942278310656548
260,0.08931185139550103,0.07880500704050064
261,0.08919014781713486,0.07813724502921104
262,0.08791081441773309,0.0775759108364582
263,0.08827575544516246,0.07701760530471802
264,0.08831216726038191,0.07631358876824379
265,0.08787058459387885,0.0760931447148323
266,0.0868023211757342,0.0753580816090107
267,0.08601262420415878,0.07481851801276207
268,0.08580898741881053,0.07425602898001671
269,0.08467342373397616,0.07374313473701477
270,0.08506558587153752,0.07324869185686111
271,0.08406949291626613,0.07269721105694771
272,0.08334054715103573,0.0724073238670826
273,0.08328447739283244,0.07170988619327545
274,0.08311422914266586,0.07131372392177582
275,0.08105285465717316,0.07094336673617363
276,0.08212424566348393,0.070429477840662
277,0.08122988376352522,0.06984258443117142
278,0.0809462492664655,0.06929773837327957
279,0.08098336557547252,0.06915212422609329
280,0.08023373285929362,0.0685444064438343
281,0.07991962134838104,0.06781227141618729
282,0.0785542411936654,0.06766844540834427
283,0.07976679007212321,0.06732410192489624
284,0.07883873499102062,0.06700823456048965
285,0.07733125736316045,0.06653231382369995
286,0.07842274258534114,0.06586681678891182
287,0.07615419973929723,0.0656033530831337
288,0.07721434947517183,0.06547476723790169
289,0.07629736844036314,0.06504379585385323
290,0.0776067359579934,0.06454763561487198
291,0.07470348808500502,0.06414333172142506
292,0.07498063643773396,0.06388869881629944
293,0.07576581339041392,0.06348658725619316
294,0.07624282605118221,0.06331313401460648
295,0.07547664145628612,0.06318512558937073
296,0.07461630801359813,0.06274307146668434
297,0.07404706213209364,0.06261095777153969
298,0.07364795191420449,0.06209361553192139
299,0.0748411508070098,0.061692772433161736
300,0.07269470973147286,0.06187841296195984
301,0.07277572568919924,0.061869680881500244
302,0.07267454514900844,0.061179764568805695
303,0.07331793424155977,0.060765715315937996
304,0.07272574802239735,0.06079551391303539
305,0.07160919490787718,0.060461971908807755
306,0.0716995894908905,0.06030280143022537
307,0.07118748707903756,0.060027262195944786
308,0.07153030070993635,0.05968826450407505
309,0.07069979028569327,0.05939243733882904
310,0.06976780129803552,0.05904199555516243
311,0.0694845351907942,0.058692287653684616
312,0.0745297446846962,0.05900079011917114
313,0.0695352695054478,0.058538082987070084
314,0.06977979093790054,0.05838507413864136
315,0.07050793535179561,0.05813539773225784
316,0.07099096808168623,0.058129314333200455
317,0.06910489168432024,0.057750966399908066
318,0.06814078076018228,0.05729837343096733
319,0.07008140782515208,0.0570543073117733
320,0.06847990552584331,0.057468805462121964
321,0.06883681813875835,0.05706472136080265
322,0.06769366893503401,0.057094551622867584
323,0.06962849199771881,0.05666216090321541
324,0.06722529646423128,0.05660169757902622
325,0.06789187755849627,0.05637005344033241
326,0.06732878130343226,0.05606316216289997
327,0.06916817774375279,0.05623091012239456
328,0.06843436674939261,0.05586772412061691
329,0.06657990192373593,0.05565647780895233
330,0.06616619643237856,0.055464839562773705
331,0.06651322709189521,0.05521722510457039
332,0.06590854624907176,0.05499623529613018
333,0.06783111227883233,0.05517173931002617
334,0.06520021706819534,0.054801370948553085
335,0.06457719248202112,0.054752614349126816
336,0.06656664527124828,0.05458346568048
337,0.06666962636841668,0.05435277335345745
338,0.06476041757398182,0.05422508530318737
339,0.06650252350502545,0.054260775446891785
340,0.06578575033280584,0.05392102524638176
341,0.06535806838009092,0.053701622411608696
342,0.06581600134571393,0.053823020309209824
343,0.06596981113155682,0.05354216694831848
344,0.06376342268453704,0.05338303744792938
345,0.06550226360559464,0.05309436842799187
346,0.06383239353696506,0.053303953260183334
347,0.06436272006895807,0.053023526445031166
348,0.06459974994262059,0.0533294677734375
349,0.06308408247099982,0.05275198444724083
350,0.06339579448103905,0.05256146192550659
351,0.06517410029967625,0.052585896104574203
352,0.062365814215607114,0.05212736502289772
353,0.06350457461343871,0.051929306238889694
354,0.06350907848940955,0.05198223516345024
355,0.06207345426082611,0.052001653239130974
356,0.06425224285986689,0.05219078250229359
357,0.06264233920309278,0.05174871347844601
358,0.06230821170740657,0.05150744877755642
359,0.06412453659706646,0.051614927127957344
360,0.06353625365429455,0.05139936879277229
361,0.06137007557683521,0.05140582472085953
362,0.06308288292752372,0.0509601216763258
363,0.06298333613408937,0.05116706155240536
364,0.06233349856403139,0.051046498119831085
365,0.06094253187378248,0.05107303895056248
366,0.0620307359430525,0.050671109929680824
367,0.06230978502167596,0.050390198826789856
368,0.060735290663109884,0.05038104020059109
369,0.061875284959872566,0.05027645826339722
370,0.06096859979960653,0.05053364112973213
371,0.06072141147322125,0.050270555540919304
372,0.06067594844433996,0.050179483368992805
373,0.06005493924021721,0.049677953124046326
374,0.061643223381704755,0.0498509556055069
375,0.0625380670858754,0.04974509961903095
376,0.060557198193338185,0.04955768957734108
377,0.06282300915982988,0.049715930595993996
378,0.05962242599990633,0.04955121874809265
379,0.05998553873764144,0.049522846937179565
380,0.05999706271621916,0.049236493185162544
381,0.060938536292976804,0.04927995055913925
382,0.0593707917465104,0.04881184361875057
383,0.06036176739467515,0.04912739433348179
384,0.06134351798229747,0.04890678450465202
385,0.05901587588919534,0.04903721064329147
386,0.05993559625413683,0.04899437725543976
387,0.05939477268192503,0.04851946793496609
388,0.0592790622678068,0.04859188012778759
389,0.058959200978279114,0.04850377142429352
390,0.060153761671649084,0.048614466562867165
391,0.05897135535875956,0.04829095117747784
392,0.059707930518521204,0.048473797738552094
393,0.05994479234019915,0.04834018088877201
394,0.05864147386617131,0.04775993339717388
395,0.06100521319442325,0.04788586124777794
396,0.05859877293308576,0.04802577756345272
397,0.05913138099842601,0.04759117774665356
398,0.057838254090812474,0.04757944494485855
399,0.05820760958724552,0.04755285009741783
400,0.05913332766956753,0.04783282428979874
401,0.059248432930972844,0.04772382415831089
402,0.05806202358669705,0.04716983437538147
403,0.05789134941167302,0.0473781730979681
404,0.05812677575482263,0.046969346702098846
405,0.058046443594826594,0.047090714797377586
406,0.05902165257268482,0.04722592234611511
407,0.05836091894242498,0.04696647450327873
408,0.05755197505156199,0.04680773802101612
409,0.05639263987541199,0.04653407633304596
410,0.057326596644189626,0.04672166146337986
411,0.056958102931578956,0.04624762199819088
412,0.056332990527153015,0.046935105696320534
413,0.057272629191478096,0.04638265073299408
414,0.05792947858572006,0.04698355495929718
415,0.05716951563954353,0.04658552631735802
416,0.05918758362531662,0.04658231884241104
417,0.05919312064846357,0.04646950215101242
418,0.059197125749455556,0.04613447189331055
419,0.05597085919645098,0.04596114903688431
420,0.05878442484471533,0.04605768620967865
421,0.05747812779413329,0.04633009806275368
422,0.057648423231310315,0.04586666263639927
423,0.05624138398302926,0.0456028301268816
424,0.055674086014429726,0.045905452221632004
425,0.05549288954999712,0.04561091959476471
426,0.055826014942593045,0.04584643058478832
427,0.05641341250803736,0.04546493664383888
428,0.056049488898780614,0.045589836314320564
429,0.05508583701319165,0.045336440205574036
430,0.05711564876967006,0.04586814343929291
431,0.055941469967365265,0.045450495555996895
432,0.055111955023474164,0.04534672386944294
433,0.05507279849714703,0.045273372903466225
434,0.056060479746924505,0.04529433138668537
435,0.05643645591206021,0.044965339824557304
436,0.05645667016506195,0.045261744409799576
437,0.05705347450243102,0.04521346651017666
438,0.056325913303428225,0.04557508043944836
439,0.055068941993845835,0.04511990770697594
440,0.05567890447047022,0.04489510878920555
441,0.0575120204852687,0.045820459723472595
442,0.0549765278895696,0.04506286419928074
443,0.0543826851579878,0.044359978288412094
444,0.05571095479859246,0.04413958638906479
445,0.05502769392397669,0.04447753354907036
446,0.05485455236501164,0.044972848147153854
447,0.05468459468748835,0.04431769996881485
448,0.05570057034492493,0.044482575729489326
449,0.05568437650799751,0.04477441683411598
450,0.05528944979111353,0.04378622956573963
451,0.05482705972260899,0.04384893551468849
452,0.054210798194011055,0.04416799917817116
453,0.05335430511169963,0.04399186000227928
454,0.05480007371968693,0.04391256347298622
455,0.05387462013297611,0.043801628053188324
456,0.05367659736010763,0.04474063962697983
457,0.05596715004907714,0.04390793293714523
458,0.055515206108490624,0.044252943247556686
459,0.05476381050215827,0.0439364705234766
460,0.053459220462375216,0.043548380956053734
461,0.053433042433526784,0.04331117495894432
462,0.05430603275696436,0.043773382902145386
463,0.054038328015142016,0.043265920132398605
464,0.05466332990262243,0.04366042651236057
465,0.05327890896134906,0.04374552145600319
466,0.05310848313901159,0.043339673429727554
467,0.053443212889962725,0.043049294501543045
468,0.05403277691867617,0.04339553229510784
469,0.055571662469042674,0.04328273795545101
470,0.05331462828649415,0.0434991829097271
471,0.055108981413973704,0.04313855245709419
472,0.054250753588146634,0.043264755979180336
473,0.0529273578690158,0.043020112439990044
474,0.05328196162978808,0.04315062426030636
475,0.05317644402384758,0.04365614429116249
476,0.05352602650721868,0.04308864660561085
477,0.053100948946343526,0.042987750843167305
478,0.052395402971241206,0.042740048840641975
479,0.052601284864876,0.04301401786506176
480,0.052641831752326756,0.04267876595258713
481,0.051514151609606214,0.04271545074880123
482,0.05280917800135083,0.042473701760172844
483,0.05288006613651911,0.04234660230576992
484,0.05319477121035258,0.042491380125284195
485,0.05438309949305323,0.042618848383426666
486,0.052574572877751455,0.0423232764005661
487,0.053094023217757545,0.04235767386853695
488,0.05145112549265226,0.04239632375538349
489,0.053073718316025205,0.04228827357292175
490,0.05299686764677366,0.042370427399873734
491,0.05336230703526073,0.0428007785230875
492,0.052621340172158346,0.04221177287399769
493,0.0530676506459713,0.04284767620265484
494,0.05352814909484652,0.04298355430364609
495,0.051420810321966805,0.04237021133303642
496,0.053675653205977544,0.042024148628115654
497,0.05289042658276028,0.042600953951478004
498,0.0517603676352236,0.04209197871387005
499,0.05214349842733807,0.04181175120174885
500,0.05206931506594022,0.04203203693032265
501,0.05177792948153284,0.042198751121759415
502,0.05176788030399217,0.041784949600696564
503,0.051726088341739446,0.04195903241634369
504,0.05279691848489973,0.04204689525067806
505,0.05067630029386944,0.0415665078908205
506,0.05286801482240359,0.04174821451306343
507,0.05222390881843037,0.04195346683263779
508,0.05060127046373156,0.041596896946430206
509,0.05143235127131144,0.041579846292734146
510,0.050288769933912486,0.04148033447563648
511,0.052250787201854915,0.041423436254262924
512,0.050179597818189196,0.04130910150706768
513,0.05143738082713551,0.041155314072966576
514,0.05227062561445766,0.0416090227663517
515,0.05069448260797395,0.0414719320833683
516,0.05103789559668965,0.04101233370602131
517,0.05201406321591801,0.04178039915859699
518,0.05047448476155599,0.04126048646867275
519,0.050231431507401995,0.041826847940683365
520,0.050188495881027646,0.04125961475074291
521,0.051776295320855245,0.041244907304644585
522,0.05048526492383745,0.041591910645365715
523,0.05053910778628455,0.04152932949364185
524,0.052552343242698245,0.04116087220609188
525,0.05148096051481035,0.04109074920415878
526,0.05225819307896826,0.04104292392730713
527,0.04966149810287687,0.041051432490348816
528,0.050921809756093554,0.04100453108549118
529,0.049912123216523066,0.04182642325758934
530,0.051865577697753906,0.04184981249272823
531,0.05178109763397111,0.04098610579967499
532,0.05062603743539916,0.040516024455428123
533,0.050784845732980304,0.04053835943341255
534,0.05002537576688661,0.041112473234534264
535,0.05025278487139278,0.041406335309147835
536,0.04975387371248669,0.04068475775420666
537,0.051353019972642265,0.04067332297563553
538,0.051275199900070824,0.041227178648114204
539,0.05195808079507616,0.04059095308184624
540,0.05055993712610669,0.04112738557159901
541,0.05083067301246855,0.04066290892660618
542,0.05002159004410108,0.04125608690083027
543,0.0502382040851646,0.04061170481145382
544,0.04902353468868467,0.04039636254310608
545,0.05023336037993431,0.040646545588970184
546,0.04930621302790112,0.04014787636697292
547,0.05054123658272955,0.040435442700982094
548,0.04955034992761082,0.04028932936489582
549,0.0503361320330037,0.04008202254772186
550,0.049855279839701123,0.040475860238075256
551,0.050827292932404414,0.040359390899538994
552,0.04875954530305333,0.04136001504957676
553,0.050213971071773104,0.040262918919324875
554,0.04959231490890185,0.040410298854112625
555,0.04886771200431718,0.04028485529124737
556,0.04895630768603749,0.04036335647106171
557,0.05173634447985225,0.040143927559256554
558,0.04812569378150834,0.0403891634196043
559,0.04862172239356571,0.04019546136260033
560,0.049696189247899585,0.03972053527832031
561,0.049249815858072706,0.0402052067220211
562,0.0492707851032416,0.0400674045085907
563,0.04898750575052367,0.040521133691072464
564,0.0492738104528851,0.039731670171022415
565,0.049608294748597674,0.04012078046798706
566,0.048934359517362386,0.039534708485007286
567,0.05072448030114174,0.03992434963583946
568,0.05044885890351401,0.03990410827100277
569,0.049829659362634025,0.04026297107338905
570,0.04900190523929066,0.04006168060004711
571,0.048222346852223076,0.03989911079406738
572,0.04751240503456858,0.039353977888822556
573,0.04836523160338402,0.03963177837431431
574,0.04983856115076277,0.03998889960348606
575,0.049364818880955376,0.039788542315363884
576,0.04911132198241022,0.040996477007865906
577,0.05000593720210923,0.04047916270792484
578,0.04838383404744996,0.03976139612495899
579,0.04738634617792235,0.0394850242882967
580,0.047223644538058177,0.03958501107990742
581,0.04839901998639107,0.039417874068021774
582,0.04859791571895281,0.03943208232522011
583,0.048282616254356175,0.03964702598750591
584,0.04862110192577044,0.03979969769716263
585,0.04951507970690727,0.03972242213785648
586,0.04798736795783043,0.039451487362384796
587,0.04846091982391146,0.039063166826963425
588,0.046715730594264135,0.03913593105971813
589,0.04873594931430287,0.03919209912419319
590,0.0485028185778194,0.03958130441606045
591,0.0480215520494514,0.03939453698694706
592,0.04895428940653801,0.039389995858073235
593,0.048514321032497615,0.03943958133459091
594,0.04755541806419691,0.03944401443004608
595,0.049217735727628074,0.03930027224123478
596,0.04803626032339202,0.03901346027851105
597,0.04825521591636869,0.03909825719892979
598,0.04741103988554743,0.03917718678712845
599,0.047955253471930824,0.038876039907336235
600,0.04785208817985323,0.03927898779511452
601,0.048646245151758194,0.03915726952254772
602,0.049400253842274346,0.03893470950424671
603,0.04762500317560302,0.03972066007554531
604,0.04696526833706432,0.038661474362015724
605,0.048205515990654625,0.03932240046560764
606,0.04803228585256471,0.03939307667315006
607,0.049276881333854466,0.03949860483407974
608,0.04795549975501166,0.03889019042253494
609,0.04736347413725323,0.03897612914443016
610,0.04727322939369413,0.03868103213608265
611,0.04701561894681719,0.03857411444187164
612,0.046875372529029846,0.03876616433262825
613,0.04831588682201174,0.0387440025806427
614,0.04770374712016848,0.03852933645248413
615,0.04739026311371061,0.03913104720413685
616,0.04708638911445936,0.038838375359773636
617,0.04750271307097541,0.03877145238220692
618,0.047808383074071675,0.03976886905729771
619,0.047786903464131884,0.03847198560833931
620,0.0467700134548876,0.039133887737989426
621,0.047582495129770704,0.03881368786096573
622,0.047320893655220665,0.03871830366551876
623,0.04649030831125048,0.03845648467540741
624,0.045693069282505244,0.03877680003643036
625,0.046831891354587346,0.03809133358299732
626,0.04756361453069581,0.03865576349198818
627,0.04740705175532235,0.0383900236338377
628,0.04784443726142248,0.038668807595968246
629,0.04898345801565382,0.03851409815251827
630,0.04682982464631399,0.03888004086911678
631,0.046005686124165855,0.03831576555967331
632,0.04689194882909457,0.03815647214651108
633,0.04840636998414993,0.0388350673019886
634,0.04602220571703381,0.03820417448878288
635,0.04815349065595203,0.03833690285682678
636,0.04628997006350093,0.03817654959857464
637,0.04705820232629776,0.03820488788187504
638,0.047424550685617656,0.03943987749516964
639,0.047411801086531744,0.03848223388195038
640,0.04671546320120493,0.03837830387055874
641,0.04670032569103771,0.03870074823498726
642,0.04644282658894857,0.03820180892944336
643,0.04703643959429529,0.0383171197026968
644,0.04701452164186372,0.03829322196543217
645,0.04696980035967297,0.03849831037223339
646,0.04681403893563482,0.038310516625642776
647,0.04654835412899653,0.03827908635139465
648,0.04662788369589382,0.0385096650570631
649,0.04590963820616404,0.0383087657392025
650,0.046421144571569234,0.03824140876531601
651,0.04592623313268026,0.03840325027704239
652,0.04578280614482032,0.037873681634664536
653,0.045578566690286,0.03800943121314049
654,0.04604403633210394,0.03811528533697128
655,0.046374397145377264,0.037785936146974564
656,0.04621676438384586,0.038285134360194206
657,0.04512963154249721,0.0378689281642437
658,0.04698812175128195,0.038546906784176826
659,0.046203260206513934,0.03802977688610554
660,0.04588137442866961,0.037767983973026276
661,0.046694126394059926,0.03757161647081375
662,0.04589951328105397,0.038399260491132736
663,0.04772357725434833,0.03804693929851055
664,0.04629837762978342,0.03788800537586212
665,0.04534181993868616,0.03767213225364685
666,0.045222066756751805,0.037686508148908615
667,0.046400942322280675,0.03852568380534649
668,0.04521667667561107,0.03813072666525841
669,0.04565937982665168,0.03769021853804588
670,0.04688962880108091,0.03754636272788048
671,0.046520020398828715,0.03792311064898968
672,0.04582514282729891,0.03757420741021633
673,0.046037104808621936,0.03733731061220169
674,0.04617254063487053,0.038090942427515984
675,0.046478822413418025,0.03768433816730976
676,0.04658101581864887,0.038439732044935226
677,0.04689828430612882,0.03767579048871994
678,0.04589480616980129,0.03795764967799187
679,0.04560954496264458,0.0376989021897316
680,0.045711132801241346,0.03730339743196964
681,0.04511504040824042,0.03775125741958618
682,0.044814742273754544,0.03752685524523258
683,0.0462518905599912,0.03739081509411335
684,0.047176293200916715,0.03793100640177727
685,0.04583287984132767,0.03757036291062832
686,0.045407712873485356,0.038614293560385704
687,0.04589531280928188,0.03728504106402397
688,0.04565128766828113,0.038131605833768845
689,0.045935582369565964,0.03731527924537659
690,0.044875957485702306,0.038030412048101425
691,0.04561683535575867,0.03774787113070488
692,0.04607074707746506,0.03746340796351433
693,0.044732368654674955,0.037418387830257416
694,0.04654811488257514,0.03803256340324879
695,0.04539932062228521,0.037677694112062454
696,0.04551179500089751,0.037275658920407295
697,0.046202107436127134,0.03734517842531204
698,0.04516353954871496,0.03723115846514702
699,0.044973203705416784,0.03702319227159023
700,0.04576272310482131,0.03731904737651348
701,0.04566654645734363,0.03764844499528408
702,0.04428029639853372,0.0372428335249424
703,0.045814127971728645,0.03695160523056984
704,0.04572530463337898,0.03773700259625912
705,0.04474747346507178,0.036906616762280464
706,0.044890949295626745,0.03733615204691887
707,0.045219639937082924,0.03730665426701307
708,0.045163465870751276,0.037126267328858376
709,0.044328343123197556,0.037154361605644226
710,0.04490538976258702,0.037386465817689896
711,0.0446917824447155,0.03743039257824421
712,0.04528786945674154,0.03718878701329231
713,0.044629922343624964,0.037387946620583534
714,0.04433897054857678,0.036766475066542625
715,0.044098831713199615,0.03736875765025616
716,0.04360515458716287,0.03690989501774311
717,0.04540749349527889,0.03721146751195192
718,0.04503392717904515,0.037095677107572556
719,0.045688141137361526,0.03761512413620949
720,0.047884251508447856,0.03736058436334133
721,0.04516345510880152,0.037638258188962936
722,0.04641089298658901,0.03734794072806835
723,0.04345565951532788,0.03713301848620176
724,0.044677981072001986,0.03692202270030975
725,0.046231923831833735,0.03738493286073208
726,0.04605766054656771,0.037034329026937485
727,0.044593538261122175,0.037034016102552414
728,0.04399311045805613,0.03688923828303814
729,0.04364601067370839,0.03662848472595215
730,0.044013256000147924,0.03672739490866661
731,0.04395305034187105,0.03727840259671211
732,0.04512390908267763,0.03766707703471184
733,0.044918911324607,0.03665441460907459
734,0.04355751143561469,0.03661101311445236
735,0.04482942074537277,0.03706576116383076
736,0.04421929021676382,0.03663613274693489
737,0.04484760181771384,0.036991775035858154
738,0.04367939838104778,0.03657715581357479
739,0.04467788545621766,0.03677630703896284
740,0.046118949022558,0.0369144631549716
741,0.04392133901516596,0.0367182157933712
742,0.04458586581879192,0.03699427004903555
743,0.044706173655059606,0.037034064531326294
744,0.04349370631906721,0.03657169081270695
745,0.043578640868266426,0.03655849024653435
746,0.045793703860706754,0.03818068839609623
747,0.044497274276283055,0.036599768325686455
748,0.04390963622265392,0.036916447803378105
749,0.04348943423893717,0.036508239805698395
750,0.044264625344011516,0.0366677138954401
751,0.043750398688846164,0.0367295378819108
752,0.044379688799381256,0.036428239196538925
753,0.044522668338484235,0.03650678787380457
754,0.04475492280390528,0.03654878493398428
755,0.04521330321828524,0.03776242583990097
756,0.043548055820994906,0.036391107365489006
757,0.04422477963897917,0.037052566185593605
758,0.04423263751798206,0.03711771033704281
759,0.04360843698183695,0.03678758256137371
760,0.04426538116402096,0.036625079810619354
761,0.04353244023190604,0.03668410703539848
762,0.04446065343088574,0.03737407550215721
763,0.04390058004193836,0.036378853023052216
764,0.04434654116630554,0.03645411692559719
765,0.04450384568836954,0.03657834231853485
766,0.043031836963362165,0.03635339438915253
767,0.04330419045355585,0.036307500675320625
768,0.04351086955931452,0.03648608177900314
769,0.04369070463710361,0.03592703863978386
770,0.04315150611930423,0.0366542749106884
771,0.04436889083849059,0.03702048026025295
772,0.04414129671123293,0.036229437217116356
773,0.043434122370349035,0.03709213249385357
774,0.0429466569589244,0.03640506789088249
775,0.04270574284924401,0.03688325826078653
776,0.04404383235507541,0.03600017540156841
777,0.044373296201229095,0.03612608276307583
778,0.04386874785025915,0.03671659156680107
779,0.04370707066522704,0.03625666722655296
780,0.04432545892066426,0.03656273894011974
781,0.04369106267889341,0.03708232752978802
782,0.04255919655164083,0.03631061688065529
783,0.04355631685919232,0.0359170101583004
784,0.04385520931747225,0.03696882538497448
785,0.043662341932455696,0.03636186942458153
786,0.044271834608581334,0.03640798665583134
787,0.04324215609166357,0.03601441718637943
788,0.04321854023469819,0.036572376266121864
789,0.043801510913504496,0.036299699917435646
790,0.04445545292562909,0.03659105207771063
791,0.04408277985122469,0.036890408024191856
792,0.04412226834230953,0.0363007253035903
793,0.043835008723868266,0.03657913953065872
794,0.043530163251691394,0.036384387873113155
795,0.04265204237567054,0.03612970560789108
796,0.04414889092246691,0.03726165555417538
797,0.04371448647644785,0.03609170950949192
798,0.04312306476963891,0.036346178501844406
799,0.043179617159896426,0.036003329791128635
800,0.04266400345497661,0.03636276163160801
801,0.043477057996723384,0.03603404946625233
802,0.04217617420686616,0.03730007819831371
803,0.0434293006029394,0.03598064370453358
804,0.04278880192173852,0.0366265419870615
805,0.04221120849251747,0.035837700590491295
806,0.04257959582739406,0.03618039097636938
807,0.0428079292178154,0.03579714801162481
808,0.0437876143389278,0.03574058227241039
809,0.042653114845355354,0.03582369349896908
810,0.0433456115424633,0.03633260354399681
811,0.042943354696035385,0.036012131720781326
812,0.042478797336419426,0.03605151642113924
813,0.04280505826075872,0.03581955470144749
814,0.04262376866406865,0.03645274229347706
815,0.04387938645150927,0.0359809584915638
816,0.04316411457127995,0.036019815132021904
817,0.04366591903898451,0.03613562509417534
818,0.044940159966548286,0.03670153766870499
819,0.04191191866993904,0.036631696857512
820,0.042939826432201594,0.036066832952201366
821,0.04267962401111921,0.03631341643631458
822,0.04191956337955263,0.03640817478299141
823,0.04405772437651952,0.03566923178732395
824,0.04245940802825822,0.03592147119343281
825,0.04488786020212703,0.03636297769844532
826,0.04282692778441641,0.03639845922589302
827,0.042186431172821254,0.0365503765642643
828,0.04257230170898967,0.03619876876473427
829,0.04298625389734904,0.03586963564157486
830,0.042192442963520684,0.035904417745769024
831,0.04355049505829811,0.03572895657271147
832,0.042870305478572845,0.03687845170497894
833,0.04351142793893814,0.03618509881198406
834,0.042742807832029134,0.035752398893237114
835,0.04395839489168591,0.03580532316118479
836,0.0420718135105239,0.036226650699973106
837,0.04234606441524294,0.03616698458790779
838,0.043187844256560005,0.03570791520178318
839,0.043192057145966425,0.03631040081381798
840,0.04159127755297555,0.03596729040145874
841,0.0417217682633135,0.03613434452563524
842,0.04279672933949365,0.03643245995044708
843,0.041591462989648185,0.03646671213209629
844,0.043399994572003685,0.03554935287684202
845,0.04199613961908552,0.03589265048503876
846,0.04272952013545566,0.035728881135582924
847,0.0431950589021047,0.035832575522363186
848,0.04223916969365544,0.036157917231321335
849,0.04371516861849361,0.03592146001756191
850,0.04221718841128879,0.0359884612262249
851,0.04472996253106329,0.0359329991042614
852,0.04233710095286369,0.03595899883657694
853,0.04290191829204559,0.03602798283100128
854,0.04178116967280706,0.03589268866926432
855,0.04225756641891268,0.0361857982352376
856,0.04229042223758168,0.035756335593760014
857,0.043089788407087326,0.03670443780720234
858,0.041795483893818326,0.03629206493496895
859,0.04331279256277614,0.03605305776000023
860,0.04245511401030752,0.03638364188373089
861,0.042178071207470365,0.03611154109239578
862,0.042173602100875646,0.03731097001582384
863,0.04102232348587778,0.03576506208628416
864,0.041968984736336604,0.03572909161448479
865,0.04197957946194543,0.035339634865522385
866,0.04237521936496099,0.036210378631949425
867,0.042079627927806645,0.035541730001568794
868,0.04156074962682194,0.03580532409250736
869,0.041938870731327266,0.03540005721151829
870,0.04200750134057469,0.03534655086696148
871,0.041667366607321635,0.03548264689743519
872,0.0423884280025959,0.035843500867486
873,0.04181761915485064,0.03561537154018879
874,0.040903483827908836,0.03602803498506546
875,0.041899836311737694,0.03609755076467991
876,0.04159626571668519,0.03632184863090515
877,0.042014677077531815,0.035661784932017326
878,0.04185456492834621,0.035776480101048946
879,0.041366817636622324,0.03587333858013153
880,0.041428585019376546,0.035573248751461506
881,0.04102668621473842,0.03547247312963009
882,0.041112545877695084,0.035375543870031834
883,0.04238882246944639,0.03566588927060366
884,0.040967544747723475,0.035413943231105804
885,0.04157574102282524,0.03571612574160099
886,0.04246178227994177,0.035325219854712486
887,0.04144370638661914,0.03612724877893925
888,0.04340557174550162,0.035656776279211044
889,0.04245985299348831,0.035987419076263905
890,0.04179174039098951,0.035486641339957714
891,0.041004532327254616,0.03588692378252745
892,0.04209122392866346,0.035719092935323715
893,0.04172540373272366,0.03556740004569292
894,0.040717405163579516,0.03548402898013592
895,0.041784668134318456,0.03561711870133877
896,0.04221527361207538,0.035949692130088806
897,0.04093791585829523,0.03533701505511999
898,0.04187865472502179,0.03540610708296299
899,0.04231140886743864,0.03598019666969776
900,0.040920523305734,0.035901257768273354
901,0.04153165386782752,0.03565410804003477
902,0.04135440579719014,0.03514658845961094
903,0.041446766091717616,0.03564807120710611
904,0.0421814260383447,0.035539235919713974
905,0.04096241005592876,0.0357502494007349
906,0.04141992371943262,0.035612781532108784
907,0.041225791805320315,0.035521491430699825
908,0.04168660276465946,0.035472855903208256
909,0.041330162435770035,0.03542112745344639
910,0.04195799637171957,0.03547915630042553
911,0.042106126331620745,0.03570392169058323
912,0.041854591833220586,0.035199124366045
913,0.0432088573773702,0.035565897822380066
914,0.041818182087606855,0.03601108305156231
915,0.04063062369823456,0.035189357586205006
916,0.040909641318851046,0.035280865617096424
917,0.04151845847566923,0.035045940428972244
918,0.04264062891403834,0.03548192139714956
919,0.0418479156990846,0.03511106874793768
920,0.04119053151872423,0.035441501066088676
921,0.04160348946849505,0.0354132205247879
922,0.040624732772509255,0.03505038935691118
923,0.04168869596388605,0.035689475014805794
924,0.04174141710003217,0.035197777673602104
925,0.040796262522538505,0.035477688536047935
926,0.041616299086146884,0.03535408712923527
927,0.04077571754654249,0.035809069871902466
928,0.04130502914388975,0.035606054589152336
929,0.04120015187395944,0.03526610508561134
930,0.04135084980063968,0.03522123023867607
931,0.04159499332308769,0.03561707865446806
932,0.04224176456530889,0.03535918612033129
933,0.040492009785440236,0.035109519958496094
934,0.04099275544285774,0.03540767543017864
935,0.04030016892486148,0.03554521780461073
936,0.04048135379950205,0.034929851070046425
937,0.04167767158812947,0.03500506281852722
938,0.04075530585315493,0.03509751707315445
939,0.04156154559718238,0.034912386909127235
940,0.042360798766215645,0.03560180123895407
941,0.04159653186798096,0.03510568290948868
942,0.04128617586361037,0.034990303218364716
943,0.040593495385514364,0.03542038984596729
944,0.0410776792301072,0.03471215069293976
945,0.04078443224231402,0.03593032248318195
946,0.040636753456460104,0.03494401462376118
947,0.041650797343916364,0.03500238247215748
948,0.041641385191016726,0.03513970971107483
949,0.040705730931626424,0.035701099783182144
950,0.04131201489104165,0.034833054058253765
951,0.040927276843123965,0.03520621545612812
952,0.040781543486648135,0.035166775807738304
953,0.040756559206379786,0.03565220162272453
954,0.04181596222851011,0.03574815485626459
955,0.04165133544140392,0.03511567413806915
956,0.040753801663716636,0.03582632727921009
957,0.041583659334315196,0.03516954556107521
958,0.04246649766961733,0.03580072149634361
959,0.04233649786975649,0.0351177453994751
960,0.04216038684050242,0.035522209480404854
961,0.04140445300274425,0.035075937397778034
962,0.04247452070315679,0.03621544875204563
963,0.040353416154781975,0.03513356111943722
964,0.04063907307055262,0.03509698063135147
965,0.03951573330495092,0.0351075753569603
966,0.04187112756901317,0.035017771646380424
967,0.04095956476198302,0.03498215228319168
968,0.041435893211099833,0.03555665165185928
969,0.040500205010175705,0.03483780845999718
970,0.04042130625910229,0.03512169048190117
971,0.04133097413513395,0.036147331818938255
972,0.0422199418147405,0.03506375290453434
973,0.041649653679794736,0.035129815340042114
974,0.04183032322261068,0.03539362736046314
975,0.03942688016427888,0.03508457541465759
976,0.04333995365434223,0.03623170033097267
977,0.04007696153389083,0.03592950291931629
978,0.041178327053785324,0.03528163582086563
979,0.041527906639708415,0.03537137433886528
980,0.03986158635881212,0.03518950752913952
981,0.04029374279909664,0.03493397310376167
982,0.040075752056307264,0.03467077575623989
983,0.04127131195531951,0.034837545827031136
984,0.04016170526544253,0.035315051674842834
985,0.039952663911713496,0.03493481129407883
986,0.04063018411397934,0.035174017772078514
987,0.04019384251700507,0.03617592062801123
988,0.040979216082228556,0.035023998469114304
989,0.04107261821627617,0.035125719383358955
990,0.04105733666155073,0.034587024711072445
991,0.04074747860431671,0.0346960574388504
992,0.040127042680978775,0.03493208810687065
993,0.0401714945005046,0.03446388803422451
994,0.041379205054707,0.034852602519094944
995,0.04094564542174339,0.03471376374363899
996,0.04167709416813321,0.03499263431876898
997,0.04008179778854052,0.034810855984687805
998,0.03890081619222959,0.03455302398651838
999,0.04055583435628149,0.03493574261665344
1000,0.039924355430735484,0.03489942289888859
1001,0.040484865506490074,0.03474738821387291
1002,0.04165091613928477,0.035052863880991936
1003,0.04071571057041486,0.03481201268732548
1004,0.04102732820643319,0.03567581623792648
1005,0.04052837731109725,0.03511646203696728
1006,0.040729965186781354,0.03525900840759277
1007,0.04014579951763153,0.034475091844797134
1008,0.04011019691824913,0.03475502971559763
1009,0.04019025754597452,0.03466143645346165
1010,0.04079915997054842,0.034840626642107964
1011,0.039647113945749074,0.034622203558683395
1012,0.04074364900588989,0.03490190487354994
1013,0.040243914971748986,0.034752183593809605
1014,0.04013863785399331,0.03525432851165533
1015,0.03946880872050921,0.034598374739289284
1016,0.04015746505724059,0.034389447420835495
1017,0.04002490184373326,0.035000596195459366
1018,0.03954040880004565,0.034529454074800014
1019,0.039441788776053324,0.03445613011717796
1020,0.041387584474351674,0.03483043145388365
1021,0.04112808696097798,0.035263946279883385
1022,0.040313183433479734,0.03521292470395565
1023,0.040983017120096416,0.03456277772784233
1024,0.03917756304144859,0.034286714158952236
1025,0.039763005243407354,0.03493841364979744
1026,0.040102763722340264,0.034440334886312485
1027,0.04069509729743004,0.034633809700608253
1028,0.040538729892836675,0.03535844571888447
1029,0.039840651055177055,0.0347103513777256
1030,0.038989126682281494,0.03478324040770531
1031,0.03985217255022791,0.034907749854028225
1032,0.04057329520583153,0.03473694063723087
1033,0.04065052751037809,0.03504865989089012
1034,0.03930504620075226,0.03463069349527359
1035,0.03962910547852516,0.0346011258661747
1036,0.04031779534286923,0.03540789522230625
1037,0.04019775241613388,0.034898011945188046
1038,0.04125778625408808,0.034495068714022636
1039,0.03971047326922417,0.03512860648334026
1040,0.04085538536310196,0.03420581482350826
1041,0.040353315158022776,0.03487514518201351
1042,0.03966543864872721,0.034383298829197884
1043,0.03920929961734348,0.03432735800743103
1044,0.03994555564390288,0.03487331420183182
1045,0.03965570405125618,0.03447027783840895
1046,0.04040957283642557,0.03524301387369633
1047,0.03977398615744379,0.035104078240692616
1048,0.03976049895087878,0.034696607850492
1049,0.0399599890742037,0.034713178873062134
1050,0.04018380865454674,0.03469952289015055
1051,0.0402050299776925,0.03476789593696594
1052,0.04033356449670262,0.034461745992302895
1053,0.03944427602820926,0.03473627753555775
1054,0.03942015932665931,0.03463825583457947
1055,0.04024819077716933,0.03476119879633188
1056,0.03971941934691535,0.034694259986281395
1057,0.041368441863192454,0.03433938883244991
1058,0.04084158150686158,0.03511711023747921
1059,0.03987081638640828,0.03462196420878172
1060,0.0402222221924199,0.03451894037425518
1061,0.039322097682290606,0.034685757011175156
1062,0.039352350350883275,0.03533496521413326
1063,0.039254654198884964,0.03478166460990906
1064,0.04010238622625669,0.034702638164162636
1065,0.0401411433186796,0.03478285018354654
1066,0.03953422730167707,0.034323749132454395
1067,0.03954340724481477,0.03464392386376858
1068,0.03945615804857678,0.034483540803194046
1069,0.039086006581783295,0.03459677938371897
1070,0.039583215283022985,0.034063683822751045
1071,0.03861902612778875,0.03427949454635382
1072,0.03900529113080767,0.03488392196595669
1073,0.04185025807884005,0.03459436818957329
1074,0.0399226521452268,0.0349121131002903
1075,0.04023586793078317,0.03432416915893555
1076,0.04047370826204618,0.03416645899415016
1077,0.039273121704657875,0.03443735744804144
1078,0.04129725777440601,0.034852609038352966
1079,0.041162570731507406,0.035253388807177544
1080,0.03957916423678398,0.034764405339956284
1081,0.040160836858881846,0.03457547724246979
1082,0.03995331128438314,0.034197513945400715
1083,0.040072690695524216,0.035203706473112106
1084,0.04010736486978001,0.034463534131646156
1085,0.03974076153503524,0.034559120424091816
1086,0.03922158728043238,0.03492194972932339
1087,0.03894728215204345,0.03478148952126503
1088,0.03982863244083193,0.03432470001280308
1089,0.03967159200045797,0.03472045809030533
1090,0.03897057266698943,0.03420267440378666
1091,0.039484320829312004,0.03427867032587528
1092,0.03927666776710086,0.03448965959250927
1093,0.03880910865134663,0.034413622692227364
1094,0.03927274586425887,0.03420736733824015
1095,0.03951126957933108,0.034989877603948116
1096,0.04065929932726754,0.034310683608055115
1097,0.0392976486020618,0.03440431598573923
1098,0.03980550542473793,0.03472448140382767
1099,0.03898835058013598,0.034482136368751526
1100,0.039781847347815834,0.03491485584527254
1101,0.03920837947063976,0.03430148493498564
1102,0.03931181588106685,0.03447466716170311
1103,0.04041450801822874,0.03423341643065214
1104,0.039634593658977084,0.03432490676641464
1105,0.03949717846181658,0.03447340801358223
1106,0.04035435203048918,0.03453593607991934
1107,0.039829054640399084,0.034518565982580185
1108,0.039780226846536,0.03433000389486551
1109,0.0404413276248508,0.03475360944867134
1110,0.038890696234173246,0.034112490713596344
1111,0.03969517060452037,0.03413541801273823
1112,0.0394534460372395,0.03474885877221823
1113,0.039526272979047566,0.03484955430030823
1114,0.03913324409061008,0.03443233389407396
1115,0.03961703429619471,0.034393368288874626
1116,0.0389978364109993,0.03443360514938831
1117,0.03980008843872282,0.034028803929686546
1118,0.039155995266305074,0.034356581047177315
1119,0.03921583460436927,0.034233915619552135
1120,0.03889046692185932,0.03413185849785805
1121,0.038945319337977305,0.034100644290447235
1122,0.03986171633005142,0.03418467938899994
1123,0.03898029774427414,0.03463064506649971
1124,0.039006260948048696,0.0343831954523921
1125,0.03839912969205114,0.034579576924443245
1126,0.03927871584892273,0.03466381970793009
1127,0.039918553084135056,0.03434746991842985
1128,0.03847295418381691,0.03422655165195465
1129,0.03961550982462035,0.03438098914921284
1130,0.03955141372150845,0.03470499813556671
1131,0.03978528537684017,0.034144298173487186
1132,0.03909702226519585,0.0341456662863493
1133,0.04045980506473117,0.03456425294280052
1134,0.03978491574525833,0.034237587824463844
1135,0.0388147524661488,0.034335159696638584
1136,0.03903884730405278,0.03420865163207054
1137,0.03836300182673666,0.0343593368306756
1138,0.03837730404403475,0.034200684167444706
1139,0.039218480388323464,0.03425146732479334
1140,0.03910386189818382,0.03412371501326561
1141,0.03840150684118271,0.0342636089771986
1142,0.03912541146079699,0.033889470621943474
1143,0.038070560743411384,0.03401966020464897
1144,0.038873258564207286,0.03422118443995714
1145,0.04003990027639601,0.03399725258350372
1146,0.038927242159843445,0.034293705597519875
1147,0.03909769323137072,0.03409677930176258
1148,0.039430091778437294,0.03445656597614288
1149,0.03894721426897579,0.0341915488243103
1150,0.03903440427449015,0.03422083891928196
1151,0.03892461500234074,0.034295426681637764
1152,0.03958539250824186,0.03419853001832962
1153,0.038818470719787806,0.03434039279818535
1154,0.039313319656583995,0.03429049998521805
1155,0.03924315422773361,0.03430502489209175
1156,0.03829558607604769,0.03432560712099075
1157,0.03953596577048302,0.034263771027326584
1158,0.03895205921596951,0.034366289153695107
1159,0.03897273333536254,0.03431743662804365
1160,0.03938340809610155,0.03423311747610569
1161,0.03954574962457021,0.03411773033440113
1162,0.03860964046584235,0.033997705206274986
1163,0.040269049919313855,0.0343891978263855
1164,0.03927044611838129,0.03453091625124216
1165,0.0380718389319049,0.03402433358132839
1166,0.03842918616202143,0.03441022615879774
1167,0.037958713041411504,0.034435538575053215
1168,0.038547247648239136,0.03384425491094589
1169,0.03875207528471947,0.03450273349881172
1170,0.03873226294914881,0.03373435139656067
1171,0.03878200716442532,0.03465479612350464
1172,0.03855566349294451,0.03419799543917179
1173,0.03989974450733927,0.034183455631136894
1174,0.038744388769070305,0.03420247882604599
1175,0.039705269038677216,0.034048447385430336
1176,0.03907926711771223,0.03458486497402191
1177,0.03885675842563311,0.03457877039909363
1178,0.03959613458977805,0.03451967053115368
1179,0.039103012118074626,0.034440566785633564
1180,0.03896971005532476,0.03411632217466831
1181,0.038612664159801274,0.034523067995905876
1182,0.03820651728245947,0.03409953135997057
1183,0.03903217655089167,0.03451828192919493
1184,0.039657923910352916,0.03422163333743811
1185,0.0391840533249908,0.03406587801873684
1186,0.03859107899996969,0.03467210568487644
1187,0.03819975836409463,0.03402564860880375
1188,0.03868300716082255,0.03379938378930092
1189,0.03859349671337339,0.03427942655980587
1190,0.038944447620047465,0.03398334328085184
1191,0.03983660994304551,0.034001060761511326
1192,0.03826799326472812,0.03389536030590534
1193,0.039154930661122,0.03388849273324013
1194,0.038821999811463885,0.034270305186510086
1195,0.03819939411348767,0.03377844579517841
1196,0.03841651976108551,0.03384721279144287
1197,0.03863222607307964,0.03361882455646992
1198,0.038183157642682396,0.033751643262803555
1199,0.03837932273745537,0.0339916218072176
1200,0.038577688650952444,0.03376981243491173
1201,0.03791309934523371,0.03396354429423809
1202,0.03838107776310709,0.03392212372273207
1203,0.04000926845603519,0.03414912894368172
1204,0.03921587144335111,0.03394603729248047
1205,0.03921011048886511,0.03375435993075371
1206,0.038504838943481445,0.03419795446097851
1207,0.0385605361726549,0.034167708829045296
1208,0.03896292092071639,0.03369745425879955
1209,0.03832270287805133,0.03396125044673681
1210,0.03831449109647009,0.03457500785589218
1211,0.03818864416744974,0.033816427923738956
1212,0.038158159289095134,0.033541567623615265
1213,0.03838572899500529,0.03505476005375385
1214,0.0382207151916292,0.033847931772470474
1215,0.038958544118536845,0.03385031968355179
1216,0.03827720756332079,0.03510125447064638
1217,0.038161728945043355,0.03538770414888859
1218,0.03887619864609507,0.03446888364851475
1219,0.03768699740370115,0.03335118852555752
1220,0.0393669418990612,0.03365114517509937
1221,0.038268437816037074,0.03386592119932175
1222,0.03879040562444263,0.034035565331578255
1223,0.038726398514376745,0.03393507655709982
1224,0.0395532569123639,0.03435585554689169
1225,0.03894718777802256,0.033897245302796364
1226,0.037898432463407516,0.03383156284689903
1227,0.04006077928675546,0.03465977683663368
1228,0.03832616160313288,0.034490764141082764
1229,0.037906130568848714,0.03441350068897009
1230,0.037861773951186076,0.03385378420352936
1231,0.038799392266405955,0.03363773040473461
1232,0.037662907193104424,0.03393364138901234
1233,0.038225305577119194,0.03392539732158184
1234,0.03809682404001554,0.03351747151464224
1235,0.03897124777237574,0.03388849273324013
1236,0.03890407126810816,0.034391745924949646
1237,0.03815765678882599,0.034187253564596176
1238,0.03808435507946544,0.03428008034825325
1239,0.03932920967539152,0.03378254175186157
1240,0.03870648725165261,0.0336550185456872
1241,0.038560217453373805,0.033990560099482536
1242,0.03851301802529229,0.03376614488661289
1243,0.03886755680044492,0.03380935080349445
1244,0.03857408670915498,0.033586639910936356
1245,0.037345814208189644,0.03422166407108307
1246,0.03914514556527138,0.03380950912833214
1247,0.03768760752346781,0.033511385321617126
1248,0.038547451297442116,0.03399072773754597
1249,0.03896237164735794,0.03351032920181751
1250,0.03903481074505382,0.03381381556391716
1251,0.03803681375251876,0.03389594703912735
1252,0.037791837420728475,0.03370361030101776
1253,0.03868830866283841,0.033799207769334316
1254,0.03874220367934969,0.03376939333975315
1255,0.039039481017324656,0.03398242499679327
1256,0.038358074923356376,0.033901507034897804
1257,0.038298790653546654,0.033715492114424706
1258,0.03781261915961901,0.033978438936173916
1259,0.038682491001155644,0.033860646188259125
1260,0.038630889935625926,0.033614788204431534
1261,0.03905706521537569,0.03404749743640423
1262,0.03910047188401222,0.033723486587405205
1263,0.037912422170241676,0.03409838117659092
1264,0.03755393003424009,0.03370912279933691
1265,0.03738932891024484,0.0336070004850626
1266,0.03734825303157171,0.03359625954180956
1267,0.03796858133541213,0.03360511176288128
1268,0.037517321606477104,0.03387415315955877
1269,0.037528977211978704,0.03374553471803665
1270,0.037586301979091435,0.033466193825006485
1271,0.037706254257096186,0.03365749400109053
1272,0.03944271720117993,0.03377743251621723
1273,0.03807977421416177,0.0337815061211586
1274,0.03928013601236873,0.033928157761693
1275,0.03867440049846967,0.03386244364082813
1276,0.03808491345908907,0.033563777804374695
1277,0.03761801951461368,0.0334036648273468
1278,0.038394576559464134,0.033657949417829514
1279,0.03765727414025201,0.033834914676845074
1280,0.03721924043363995,0.033774396404623985
1281,0.037840581602520414,0.0335606187582016
1282,0.03818069522579511,0.033871039748191833
1283,0.03945782408118248,0.03405210003256798
1284,0.03828760443462266,0.034450339153409004
1285,0.037005600002076894,0.03378680162131786
1286,0.0379229916466607,0.03408574592322111
1287,0.03891319905718168,0.03361417632550001
1288,0.03956923675205973,0.03368508443236351
1289,0.0391458488172955,0.033712275326251984
1290,0.03801477079590162,0.033429961651563644
1291,0.03839888589249717,0.03391731344163418
1292,0.03884249677260717,0.03379291109740734
1293,0.03828472395737966,0.034121349453926086
1294,0.03838604109154807,0.033771391957998276
1295,0.0385506364206473,0.03395400196313858
1296,0.03820838903387388,0.0334908589720726
1297,0.03838926429549853,0.03359627723693848
1298,0.03834976669814852,0.03403528034687042
1299,0.03783838947614034,0.0334886759519577
1300,0.038083514819542565,0.033598655834794044
1301,0.03787092367808024,0.03333647362887859
1302,0.038310963246557445,0.03367841802537441
1303,0.03760278763042556,0.034017257392406464
1304,0.03736422831813494,0.03379103168845177
1305,0.03828358236286375,0.03387116827070713
1306,0.037980102416541844,0.03356999531388283
1307,0.037906808571683034,0.033548166044056416
1308,0.03785640001296997,0.0335964672267437
1309,0.03812433696455426,0.033399867825210094
1310,0.038238342851400375,0.033391655422747135
1311,0.03747410741117266,0.033655060455203056
1312,0.03758208826184273,0.03337102755904198
1313,0.037737473431560725,0.03358838148415089
1314,0.03757385868165228,0.03351127076894045
1315,0.04046595717469851,0.03366021066904068
1316,0.03755822322434849,0.033866988494992256
1317,0.037320798055993185,0.03369972109794617
1318,0.039107616162962384,0.03419540170580149
1319,0.0378660224378109,0.03359604999423027
1320,0.03810032167368465,0.033830972388386726
1321,0.03686382331781917,0.03351154085248709
1322,0.0377131634288364,0.03354634903371334
1323,0.03704920576678382,0.03356502391397953
1324,0.037300711704625025,0.033680220134556293
1325,0.03832968034678035,0.033697132021188736
1326,0.03748943449722396,0.03356212563812733
1327,0.03718460682365629,0.033368032425642014
1328,0.03684225678443909,0.033397406339645386
1329,0.038731379641426936,0.033271108753979206
1330,0.03808126308851772,0.033380795270204544
1331,0.03749273427658611,0.03341640159487724
1332,0.038348845723602504,0.03344475477933884
1333,0.03758617200785213,0.03361610509455204
1334,0.03822570542494456,0.033670260570943356
1335,0.03728940337896347,0.03334162477403879
1336,0.03693340139256583,0.03361134044826031
1337,0.03771940287616518,0.03332759067416191
1338,0.03700916262136565,0.033762093633413315
1339,0.03715090163879924,0.03358358517289162
1340,0.037962864256567426,0.03364346921443939
1341,0.03738727130823665,0.03365320339798927
1342,0.03758184942934248,0.03346833772957325
1343,0.03696067300107744,0.033492179587483406
1344,0.036993866993321314,0.03351772762835026
1345,0.037048660632636815,0.03336421400308609
1346,0.03768337062663502,0.033368537202477455
1347,0.037820905447006226,0.03343004174530506
1348,0.037808074719376035,0.03324075974524021
1349,0.03776312122742335,0.03358800895512104
1350,0.037832558155059814,0.0334100192412734
1351,0.03932661356197463,0.0335078714415431
1352,0.03781553854544958,0.033332846127450466
1353,0.03778298902842733,0.033588371239602566
1354,0.03786028838819928,0.034017196856439114
1355,0.03774732475479444,0.033630188554525375
1356,0.037940712024768196,0.03354857303202152
1357,0.03702040844493442,0.03344139829277992
1358,0.038036285589138664,0.03358655422925949
1359,0.03810923919081688,0.033255294896662235
1360,0.037412133895688586,0.033359019085764885
1361,0.03888232716255718,0.03350220434367657
1362,0.03733133234911495,0.033440422266721725
1363,0.03693282273080614,0.0335135729983449
1364,0.036773947791920766,0.03351652156561613
1365,0.03810299767388238,0.03323990944772959
1366,0.038524572634034686,0.033686731941998005
1367,0.03685691994097498,0.033193839713931084
1368,0.03774445007244746,0.03374995104968548
1369,0.037423871043655604,0.033351294696331024
1370,0.037455979734659195,0.03337246738374233
1371,0.03743510693311691,0.03363807313144207
1372,0.03746863413188192,0.03354003466665745
1373,0.037736175374852285,0.03374176565557718
1374,0.03789464342925283,0.03322417847812176
1375,0.03731210860941145,0.03356406278908253
1376,0.037346710347467,0.0338767496868968
1377,0.03785100786222352,0.033554443158209324
1378,0.03708172341187795,0.03374090418219566
1379,0.037731183071931206,0.03332129679620266
1380,0.03830337979727321,0.033443065360188484
1381,0.03695677717526754,0.033636726438999176
1382,0.037374926524029836,0.03351827152073383
1383,0.038239625179105334,0.03309795260429382
1384,0.03852425143122673,0.03337051905691624
1385,0.037168393946356244,0.03333120606839657
1386,0.038444155206282936,0.0334822591394186
1387,0.0376037388212151,0.033431608229875565
1388,0.037447222818930946,0.03373746946454048
1389,0.0373274183107747,0.0335056446492672
1390,0.0382633503112528,0.03329712152481079
1391,0.03858209773898125,0.033167535439133644
1392,0.03718202312787374,0.03326319623738527
1393,0.03833026563127836,0.03316367603838444
1394,0.0374436949690183,0.03353370912373066
1395,0.03753656231694751,0.033217472955584526
1396,0.03747111310561498,0.03354691341519356
1397,0.03727179393172264,0.03346469346433878
1398,0.03645536758833461,0.03328647091984749
1399,0.03767456321252717,0.03325077332556248
1400,0.03742971643805504,0.03321012295782566
1401,0.03725872023238076,0.033699752762913704
1402,0.03755513123340077,0.03361468855291605
1403,0.03757466251651446,0.03339086286723614
1404,0.036791037768125534,0.03317355550825596
1405,0.03755401281846894,0.033280628733336926
1406,0.037041809409856796,0.033284373581409454
1407,0.03730167655481233,0.03346888720989227
1408,0.03693654222620858,0.03326191566884518
1409,0.0380772203207016,0.033168124966323376
1410,0.037563185311026044,0.033573986031115055
1411,0.03781009713808695,0.03344471752643585
1412,0.03836099016997549,0.03336502052843571
1413,0.03654945269227028,0.033373573794960976
1414,0.03684762120246887,0.03342572972178459
1415,0.0378416847023699,0.03318293299525976
1416,0.03750225736035241,0.0333782434463501
1417,0.037020955234766006,0.03351746033877134
1418,0.037002539469136134,0.03324816841632128
1419,0.03682302600807614,0.03306539263576269
1420,0.03765351159705056,0.03307190164923668
1421,0.03884867620137003,0.033455681055784225
1422,0.037347621801826686,0.03321501612663269
1423,0.037018475433190666,0.03330567665398121
1424,0.037773814466264516,0.03321446105837822
1425,0.03799411613080236,0.033346567302942276
1426,0.03730180197291904,0.033860985189676285
1427,0.037077025406890445,0.03338262997567654
1428,0.03699122783210543,0.03330042585730553
1429,0.03840335210164388,0.033118367195129395
1430,0.036984949476189084,0.033397963270545006
1431,0.036387471275197134,0.033523041754961014
1432,0.03715165994233555,0.03325800411403179
1433,0.036614699496163264,0.03328953497111797
1434,0.03747812658548355,0.0331213790923357
1435,0.03749958508544498,0.03318711929023266
1436,0.037279422084490456,0.03329252265393734
1437,0.03802485474281841,0.03345135319977999
1438,0.03703634192546209,0.03324393555521965
1439,0.0369289947880639,0.03347520437091589
1440,0.037387270066473216,0.0333801731467247
1441,0.03777796030044556,0.03302836138755083
1442,0.037387880186239876,0.03300660289824009
1443,0.03751701033777661,0.033074853010475636
1444,0.03737919363710615,0.03314111474901438
1445,0.036419191708167396,0.03332730755209923
1446,0.03736338640252749,0.03333613835275173
1447,0.037679408573442034,0.03327660541981459
1448,0.03708165263136228,0.03351289965212345
1449,0.03701312177711063,0.03316093608736992
1450,0.03762783399886555,0.03351022023707628
1451,0.03704120053185357,0.033270818181335926
1452,0.03753037005662918,0.033326759934425354
1453,0.03703695287307104,0.033343616873025894
1454,0.037756089948945575,0.033053288236260414
1455,0.037814538925886154,0.03316707909107208
1456,0.037238833804925285,0.033493535593152046
1457,0.036999278184440404,0.03333748411387205
1458,0.03750080822242631,0.03335004858672619
1459,0.03744990626970927,0.03334931470453739
1460,0.038118044949240155,0.033324457705020905
1461,0.03703253385093477,0.03300195746123791
1462,0.03640626039769915,0.033508989959955215
1463,0.03628950483269162,0.03311040438711643
1464,0.03698047623038292,0.03357516974210739
1465,0.03699469483560986,0.033254203386604786
1466,0.036408279918962054,0.03328537382185459
1467,0.03766790984405412,0.03317752480506897
1468,0.03673172369599342,0.033301680348813534
1469,0.03677483109964265,0.033378176391124725
1470,0.03815328867899047,0.03302730992436409
1471,0.03677002381947306,0.03344427049160004
1472,0.037057204792896904,0.033103831112384796
1473,0.037485705895556345,0.0330806989222765
1474,0.03720958655079206,0.033297035843133926
1475,0.03648573035995165,0.03339645266532898
1476,0.03632658637232251,0.033054135739803314
1477,0.037604747960964836,0.033034722320735455
1478,0.03711743942565388,0.0331753371283412
1479,0.03736770980887943,0.03328797593712807
1480,0.03692414777146445,0.033275144174695015
1481,0.037559914920065135,0.03304525464773178
1482,0.03668744737903277,0.033204407431185246
1483,0.037122436695628695,0.03322002477943897
1484,0.03718059758345286,0.03317713364958763
1485,0.036770591719283,0.033133452758193016
1486,0.037269971436924405,0.03326271381229162
1487,0.03652547920743624,0.03311639651656151
1488,0.036774103012349874,0.03310338594019413
1489,0.03679091276393996,0.033037588000297546
1490,0.03715231559342808,0.03298467397689819
1491,0.03759180961383714,0.03305847384035587
1492,0.03696500013271967,0.033349908888339996
1493,0.036600282622708216,0.033038812689483166
1494,0.03709279414680269,0.03360176645219326
1495,0.03725393364826838,0.03321578074246645
1496,0.036473818951182894,0.03297777473926544
1497,0.03719454672601488,0.03326504025608301
1498,0.03726527508762148,0.03340650722384453
1499,0.03660308321317037,0.03312570881098509
1500,0.0364121658106645,0.033074548467993736
